,ID,Predicted_REVENUE
9786,1808011.0,151.34445
9787,1808012.0,470.8601
9788,1808013.0,270.48105
9789,1808014.0,94.22807
9790,1808015.0,293.84372
9795,1808025.0,297.47983
9794,1808024.0,99.85613
9792,1808022.0,467.76462
9791,1808021.0,177.06067
9793,1808023.0,275.8505
9800,1808035.0,300.55478
9796,1808031.0,155.93185
9797,1808032.0,476.1632
9798,1808033.0,274.4714
9799,1808034.0,88.84592
9803,1808043.0,301.9465
9804,1808044.0,102.26289
9801,1808041.0,198.08464
9802,1808042.0,554.88617
9805,1808045.0,303.15897
9810,1808055.0,304.55884
9809,1808054.0,163.68411
9808,1808053.0,292.39914
9807,1808052.0,545.9971
9806,1808051.0,176.71007
9811,1808061.0,167.44122
9812,1808062.0,507.68448
9813,1808063.0,270.78445
9814,1808064.0,104.79915
9815,1808065.0,287.7718
9820,1808075.0,288.44846
9819,1808074.0,74.3363
9818,1808073.0,275.41937
9817,1808072.0,452.13037
9816,1808071.0,144.42014
9821,1808081.0,135.83548
9822,1808082.0,483.9934
9823,1808083.0,265.48065
9824,1808084.0,76.56396
9825,1808085.0,293.6248
9829,1808094.0,99.2091
9828,1808093.0,281.46136
9830,1808095.0,302.87717
9826,1808091.0,178.36958
9827,1808092.0,502.93857
9831,1808101.0,166.9223
9832,1808102.0,498.51523
9833,1808103.0,269.99344
9834,1808104.0,107.73526
9835,1808105.0,295.45724
9839,1808114.0,138.03568
9838,1808113.0,308.31467
9840,1808115.0,321.99423
9836,1808111.0,222.58162
9837,1808112.0,579.2609
9841,1808121.0,171.97049
9842,1808122.0,571.7713
9843,1808123.0,298.74158
9844,1808124.0,168.044
9845,1808125.0,309.4805
9846,1808131.0,171.63432
9847,1808132.0,527.138
9848,1808133.0,275.1055
9849,1808134.0,103.11811
9850,1808135.0,292.40427
9855,1808145.0,291.12173
9854,1808144.0,107.00865
9853,1808143.0,276.51608
9852,1808142.0,501.1894
9851,1808141.0,168.77367
9856,1808151.0,154.32617
9857,1808152.0,509.1179
9858,1808153.0,276.2193
9859,1808154.0,97.07713
9860,1808155.0,304.09235
9865,1808165.0,301.15637
9864,1808164.0,108.87497
9863,1808163.0,287.0115
9862,1808162.0,516.8417
9861,1808161.0,183.05576
9866,1808171.0,165.79178
9867,1808172.0,515.88525
9868,1808173.0,272.36157
9869,1808174.0,93.295685
9870,1808175.0,298.75595
9874,1808184.0,144.52635
9873,1808183.0,314.38748
9875,1808185.0,311.49515
9871,1808181.0,227.77348
9872,1808182.0,585.83295
9876,1808191.0,126.81842
9877,1808192.0,547.6805
9878,1808193.0,279.61044
9879,1808194.0,151.31055
9880,1808195.0,310.40878
9884,1808204.0,74.75163
9883,1808203.0,227.05728
9885,1808205.0,274.28738
9881,1808201.0,145.81192
9882,1808202.0,438.97983
9886,1808211.0,143.6615
9887,1808212.0,456.3991
9888,1808213.0,248.71324
9889,1808214.0,84.6404
9890,1808215.0,294.34335
9891,1808221.0,137.62006
9892,1808222.0,467.28735
9893,1808223.0,248.47742
9894,1808224.0,76.06404
9895,1808225.0,288.81253
9900,1808235.0,277.44968
9899,1808234.0,66.30731
9898,1808233.0,218.84766
9897,1808232.0,449.67825
9896,1808231.0,149.3176
9901,1808241.0,138.15942
9902,1808242.0,438.8791
9903,1808243.0,225.01398
9904,1808244.0,85.54426
9905,1808245.0,284.60977
9910,1808255.0,325.05637
9909,1808254.0,103.88045
9908,1808253.0,273.6614
9907,1808252.0,515.3349
9906,1808251.0,184.49545
9911,1808261.0,115.57178
9912,1808262.0,530.50775
9913,1808263.0,273.8146
9914,1808264.0,145.29675
9915,1808265.0,318.70697
9919,1808274.0,90.74956
9918,1808273.0,215.13882
9920,1808275.0,273.23923
9916,1808271.0,144.5382
9917,1808272.0,422.3848
9921,1808281.0,139.39445
9922,1808282.0,427.9985
9923,1808283.0,228.31435
9924,1808284.0,90.34681
9925,1808285.0,277.46036
9929,1808294.0,86.01466
9928,1808293.0,223.45964
9930,1808295.0,276.30197
9926,1808291.0,127.45025
9927,1808292.0,430.6579
9931,1808301.0,150.95584
9932,1808302.0,447.57162
9933,1808303.0,232.12535
9934,1808304.0,90.82764
9935,1808305.0,277.30896
9936,1808311.0,137.26138
9937,1808312.0,434.37164
9938,1808313.0,221.80415
9939,1808314.0,76.52324
9940,1808315.0,285.6849
9945,1809015.0,313.2231
9944,1809014.0,102.63237
9943,1809013.0,264.082
9942,1809012.0,513.02856
9941,1809011.0,173.68042
9946,1809021.0,126.230415
9947,1809022.0,534.5873
9948,1809023.0,265.9241
9949,1809024.0,161.22073
9950,1809025.0,308.41888
9955,1809035.0,259.3765
9954,1809034.0,80.173965
9953,1809033.0,198.26881
9952,1809032.0,433.92233
9951,1809031.0,138.45135
9956,1809041.0,140.52745
9957,1809042.0,373.39902
9958,1809043.0,191.65805
9959,1809044.0,93.96347
9960,1809045.0,262.27908
9964,1809054.0,94.77591
9963,1809053.0,228.0307
9965,1809055.0,275.98184
9961,1809051.0,139.8714
9962,1809052.0,405.2234
9966,1809061.0,160.99303
9967,1809062.0,456.49686
9968,1809063.0,236.5948
9969,1809064.0,87.884254
9970,1809065.0,278.3139
9974,1809074.0,83.432495
9973,1809073.0,219.49701
9975,1809075.0,284.39706
9971,1809071.0,140.99612
9972,1809072.0,407.19162
9976,1809081.0,192.1075
9977,1809082.0,512.23517
9978,1809083.0,263.77908
9979,1809084.0,144.11514
9980,1809085.0,316.57718
9981,1809091.0,162.59143
9982,1809092.0,551.0274
9983,1809093.0,283.57187
9984,1809094.0,215.42229
9985,1809095.0,320.39468
9989,1809104.0,94.96058
9988,1809103.0,213.63756
9990,1809105.0,269.38992
9986,1809101.0,153.49915
9987,1809102.0,407.07578
9991,1809111.0,145.57971
9992,1809112.0,409.23648
9993,1809113.0,219.93219
9994,1809114.0,86.677185
9995,1809115.0,282.65506
10000,1809125.0,303.80386
9999,1809124.0,96.74994
9998,1809123.0,207.41942
9997,1809122.0,410.88446
9996,1809121.0,143.14641
10001,1809131.0,161.8346
10002,1809132.0,456.62027
10003,1809133.0,237.98907
10004,1809134.0,93.50256
10005,1809135.0,307.12555
10009,1809144.0,83.0181
10008,1809143.0,219.0207
10010,1809145.0,294.7487
10006,1809141.0,142.36536
10007,1809142.0,417.29733
10011,1809151.0,182.40244
10012,1809152.0,506.413
10013,1809153.0,266.1241
10014,1809154.0,169.53387
10015,1809155.0,323.08398
10019,1809164.0,167.41641
10018,1809163.0,252.31711
10020,1809165.0,327.2916
10016,1809161.0,115.566574
10017,1809162.0,537.4054
10021,1809171.0,151.41193
10022,1809172.0,396.53104
10023,1809173.0,205.43008
10024,1809174.0,93.75363
10025,1809175.0,272.43985
10026,1809181.0,145.39243
10027,1809182.0,405.2573
10028,1809183.0,217.67265
10029,1809184.0,100.70745
10030,1809185.0,280.33356
10035,1809195.0,281.20782
10034,1809194.0,98.87674
10033,1809193.0,216.84694
10032,1809192.0,399.645
10031,1809191.0,136.80176
10036,1809201.0,156.284
10037,1809202.0,416.017
10038,1809203.0,230.55551
10039,1809204.0,108.20613
10040,1809205.0,284.55002
10045,1809215.0,299.37967
10044,1809214.0,92.20475
10043,1809213.0,206.38058
10042,1809212.0,424.0309
10041,1809211.0,146.23438
10046,1809221.0,168.10182
10047,1809222.0,496.21478
10048,1809223.0,249.31154
10049,1809224.0,133.50275
10050,1809225.0,310.7366
10054,1809234.0,146.88126
10053,1809233.0,253.68808
10055,1809235.0,334.35602
10051,1809231.0,134.5836
10052,1809232.0,550.33075
10056,1809241.0,138.80505
10057,1809242.0,363.71902
10058,1809243.0,159.11682
10059,1809244.0,90.456314
10060,1809245.0,262.80502
10064,1809254.0,96.53733
10063,1809253.0,177.14905
10065,1809255.0,281.55627
10061,1809251.0,136.9594
10062,1809252.0,393.99734
10066,1809261.0,133.5636
10067,1809262.0,373.2606
10068,1809263.0,188.65227
10069,1809264.0,84.879906
10070,1809265.0,276.21143
10071,1809271.0,148.28609
10072,1809272.0,395.25296
10073,1809273.0,183.41014
10074,1809274.0,85.55744
10075,1809275.0,260.78503
10079,1809284.0,83.31013
10078,1809283.0,173.60074
10080,1809285.0,280.75565
10076,1809281.0,135.26389
10077,1809282.0,390.61258
10081,1809291.0,183.45956
10082,1809292.0,519.47815
10083,1809293.0,241.79373
10084,1809294.0,141.81432
10085,1809295.0,324.21817
10090,1809305.0,322.13327
10089,1809304.0,104.42377
10088,1809303.0,233.3659
10087,1809302.0,522.65674
10086,1809301.0,111.27478
10091,1810011.0,139.44078
10092,1810012.0,425.89926
10093,1810013.0,188.90372
10094,1810014.0,83.88546
10095,1810015.0,267.10297
10099,1810024.0,82.26655
10098,1810023.0,192.54855
10100,1810025.0,267.30862
10096,1810021.0,134.27785
10097,1810022.0,352.39694
10101,1810031.0,102.38221
10102,1810032.0,472.77194
10103,1810033.0,246.98064
10104,1810034.0,146.62125
10105,1810035.0,293.13184
10109,1810044.0,84.92293
10108,1810043.0,212.69699
10110,1810045.0,274.84256
10106,1810041.0,149.26282
10107,1810042.0,444.80478
10111,1810051.0,147.20789
10112,1810052.0,429.5852
10113,1810053.0,225.98679
10114,1810054.0,85.36069
10115,1810055.0,280.0661
10116,1810061.0,194.16553
10117,1810062.0,553.20526
10118,1810063.0,273.78485
10119,1810064.0,126.37245
10120,1810065.0,300.8313
10124,1810074.0,180.68259
10123,1810073.0,277.41763
10125,1810075.0,301.91193
10121,1810071.0,148.10696
10122,1810072.0,527.7113
10126,1810081.0,141.1143
10127,1810082.0,446.0342
10128,1810083.0,196.84978
10129,1810084.0,81.08358
10130,1810085.0,268.3188
10134,1810094.0,91.37688
10133,1810093.0,227.07489
10135,1810095.0,268.81705
10131,1810091.0,139.43126
10132,1810092.0,462.35934
10137,1810102.0,447.14044
10138,1810103.0,230.08647
10139,1810104.0,94.54173
10140,1810105.0,274.33737
10136,1810101.0,140.5212
10141,1810111.0,163.54497
10142,1810112.0,464.2806
10143,1810113.0,227.43002
10144,1810114.0,125.88965
10145,1810115.0,269.01105
10149,1810124.0,82.595146
10150,1810125.0,281.11978
10148,1810123.0,253.84637
10146,1810121.0,145.94077
10147,1810122.0,505.5193
10151,1810131.0,194.6948
10152,1810132.0,552.92065
10153,1810133.0,294.1721
10154,1810134.0,146.35141
10155,1810135.0,299.63138
10159,1810144.0,206.71053
10158,1810143.0,286.68246
10160,1810145.0,291.45407
10156,1810141.0,172.90515
10157,1810142.0,563.7953
10161,1810151.0,150.87076
10162,1810152.0,452.05215
10163,1810153.0,241.05658
10164,1810154.0,110.13168
10165,1810155.0,269.318
10166,1810161.0,137.6059
10167,1810162.0,457.1939
10168,1810163.0,224.86124
10169,1810164.0,81.7446
10170,1810165.0,278.1003
10174,1810174.0,89.312
10175,1810175.0,273.56967
10172,1810172.0,449.45654
10171,1810171.0,138.49799
10173,1810173.0,232.04019
10176,1810181.0,148.48038
10177,1810182.0,456.97586
10178,1810183.0,228.62471
10179,1810184.0,86.63359
10180,1810185.0,272.14078
10184,1810194.0,73.109245
10183,1810193.0,220.82808
10185,1810195.0,287.2112
10181,1810191.0,139.9862
10182,1810192.0,474.73245
10186,1810201.0,179.63435
10187,1810202.0,490.50772
10188,1810203.0,269.7277
10189,1810204.0,126.81215
10190,1810205.0,320.52072
10191,1810211.0,122.457695
10192,1810212.0,513.71814
10193,1810213.0,260.1779
10194,1810214.0,149.96689
10195,1810215.0,307.79034
10200,1810225.0,273.63925
10199,1810224.0,79.28165
10198,1810223.0,194.90512
10197,1810222.0,416.43784
10196,1810221.0,141.18747
10201,1810231.0,121.434006
10202,1810232.0,319.55313
10203,1810233.0,144.32613
10204,1810234.0,69.42134
10205,1810235.0,251.69843
10209,1810244.0,72.583206
10208,1810243.0,161.2243
10210,1810245.0,280.51993
10206,1810241.0,119.87666
10207,1810242.0,396.49734
10211,1810251.0,132.98117
10212,1810252.0,385.60095
10213,1810253.0,154.34688
10214,1810254.0,76.781906
10215,1810255.0,259.6517
10216,1810261.0,133.56125
10217,1810262.0,420.1761
10218,1810263.0,186.04416
10219,1810264.0,80.19556
10220,1810265.0,280.5325
10225,1810275.0,301.04724
10224,1810274.0,130.39394
10221,1810271.0,165.54501
10222,1810272.0,475.4391
10223,1810273.0,229.38235
10226,1810281.0,129.19533
10227,1810282.0,535.0802
10228,1810283.0,262.1527
10229,1810284.0,174.52519
10230,1810285.0,322.76196
10235,1810295.0,267.11505
10234,1810294.0,83.169495
10233,1810293.0,148.8835
10231,1810291.0,131.59341
10232,1810292.0,374.96704
10236,1810301.0,125.02816
10237,1810302.0,394.97983
10238,1810303.0,170.39365
10239,1810304.0,67.51452
10240,1810305.0,273.92075
10241,,35.810444
10247,1811016.0,99.32863
10245,1811014.0,87.10515
10246,1811015.0,268.57822
10243,1811012.0,383.1791
10242,1811011.0,138.23862
10244,1811013.0,173.54605
10248,1811021.0,116.38159
10249,1811022.0,342.25793
10250,1811023.0,138.10301
10251,1811024.0,83.61299
10252,1811025.0,269.42618
10253,1811026.0,71.63284
10259,1811036.0,112.3008
10258,1811035.0,324.26987
10257,1811034.0,124.2679
10256,1811033.0,223.0664
10254,1811031.0,143.60448
10255,1811032.0,431.98843
10260,1811041.0,116.33075
10261,1811042.0,504.53143
10262,1811043.0,230.25653
10263,1811044.0,148.3397
10264,1811045.0,304.96848
10265,1811046.0,111.249146
10270,1811055.0,251.19818
10271,1811056.0,84.228485
10269,1811054.0,82.25051
10266,1811051.0,123.624146
10267,1811052.0,349.5518
10268,1811053.0,146.35583
10272,1811061.0,118.75314
10273,1811062.0,344.00656
10274,1811063.0,143.89001
10275,1811064.0,95.59644
10276,1811065.0,269.75577
10277,1811066.0,86.333115
10283,1811076.0,90.0277
10282,1811075.0,279.92258
10281,1811074.0,92.43337
10280,1811073.0,159.63379
10279,1811072.0,347.9468
10278,1811071.0,115.36976
10284,1811081.0,124.26554
10285,1811082.0,368.9846
10286,1811083.0,161.60391
10287,1811084.0,84.68323
10288,1811085.0,272.4777
10289,1811086.0,82.721306
10295,1811096.0,73.35052
10294,1811095.0,277.41183
10293,1811094.0,82.78914
10291,1811092.0,355.08688
10290,1811091.0,114.855804
10292,1811093.0,147.5437
10296,1811101.0,154.99149
10297,1811102.0,458.82684
10298,1811103.0,212.72266
10299,1811104.0,134.72481
10300,1811105.0,311.2128
10301,1811106.0,121.83525
10304,1811113.0,211.3298
10307,1811116.0,76.39229
10306,1811115.0,325.2004
10303,1811112.0,491.65195
10302,1811111.0,77.59141
10305,1811114.0,120.31308
10312,1811125.0,268.37418
10308,1811121.0,122.007904
10309,1811122.0,363.86008
10310,1811123.0,161.62224
10311,1811124.0,90.56303
10313,1811126.0,81.25354
10318,1811135.0,278.25003
10319,1811136.0,72.48062
10317,1811134.0,88.541275
10314,1811131.0,108.18814
10315,1811132.0,342.2608
10316,1811133.0,138.57883
10320,1811141.0,105.69389
10321,1811142.0,323.21582
10322,1811143.0,127.24954
10323,1811144.0,76.515686
10324,1811145.0,272.0059
10325,1811146.0,74.62222
10331,1811156.0,88.18281
10330,1811155.0,284.73236
10329,1811154.0,86.53775
10327,1811152.0,366.9058
10326,1811151.0,127.955925
10328,1811153.0,172.23967
10332,1811161.0,123.30741
10333,1811162.0,348.30466
10334,1811163.0,157.337
10335,1811164.0,81.05757
10336,1811165.0,289.81784
10337,1811166.0,81.72215
10342,1811175.0,323.47623
10343,1811176.0,123.53784
10341,1811174.0,129.23479
10338,1811171.0,157.39267
10339,1811172.0,426.82043
10340,1811173.0,209.49933
10344,1811181.0,103.09892
10345,1811182.0,511.8932
10346,1811183.0,235.11769
10347,1811184.0,143.4957
10348,1811185.0,321.2491
10349,1811186.0,108.01173
10355,1811196.0,68.1685
10354,1811195.0,243.38934
10353,1811194.0,84.29428
10350,1811191.0,117.52557
10351,1811192.0,277.5156
10352,1811193.0,124.515114
10360,1811205.0,262.8644
10361,1811206.0,65.18777
10359,1811204.0,77.14388
10356,1811201.0,105.286575
10357,1811202.0,302.04123
10358,1811203.0,120.084526
10362,1811211.0,109.79483
10363,1811212.0,306.76346
10364,1811213.0,121.74281
10365,1811214.0,78.804886
10366,1811215.0,267.91434
10367,1811216.0,73.3332
10373,1811226.0,63.44892
10371,1811224.0,69.712265
10372,1811225.0,257.2804
10369,1811222.0,306.31998
10368,1811221.0,115.810425
10370,1811223.0,113.29974
10374,1811231.0,117.75676
10375,1811232.0,317.72293
10376,1811233.0,119.322716
10377,1811234.0,70.12109
10378,1811235.0,266.86658
10379,1811236.0,68.64754
10384,1811245.0,300.12216
10385,1811246.0,103.480034
10383,1811244.0,86.51101
10380,1811241.0,128.74915
10381,1811242.0,402.02072
10382,1811243.0,183.11842
10386,1811251.0,102.1
10387,1811252.0,478.28357
10388,1811253.0,208.59204
10389,1811254.0,153.26155
10390,1811255.0,312.42984
10391,1811256.0,104.76493
10392,1811261.0,128.08029
10393,1811262.0,320.13358
10394,1811263.0,137.64148
10395,1811264.0,97.02703
10396,1811265.0,264.71954
10397,1811266.0,90.56183
10402,1811275.0,270.77902
10401,1811274.0,75.60663
10403,1811276.0,74.81342
10399,1811272.0,346.00757
10398,1811271.0,112.71638
10400,1811273.0,125.60449
10409,1811286.0,78.29678
10408,1811285.0,266.93536
10407,1811284.0,79.72117
10404,1811281.0,113.28684
10405,1811282.0,308.35928
10406,1811283.0,115.43234
10410,1811291.0,128.96486
10411,1811292.0,334.2982
10412,1811293.0,131.96909
10413,1811294.0,85.57506
10414,1811295.0,264.0434
10415,1811296.0,79.69768
10416,1811301.0,123.19179
10417,1811302.0,344.8534
10418,1811303.0,134.39946
10419,1811304.0,93.58766
10420,1811305.0,278.69482
10421,1811306.0,86.98793
10426,1812015.0,282.27747
10425,1812014.0,105.447815
10427,1812016.0,129.55682
10423,1812012.0,469.99908
10424,1812013.0,226.50267
10422,1812011.0,150.03247
10428,1812021.0,90.784355
10429,1812022.0,509.71088
10430,1812023.0,213.89041
10431,1812024.0,135.52222
10432,1812025.0,269.7491
10433,1812026.0,101.259155
10437,1812034.0,84.42726
10439,1812036.0,86.15161
10438,1812035.0,239.63367
10436,1812033.0,146.59183
10435,1812032.0,393.231
10434,1812031.0,118.32512
10440,1812041.0,115.78204
10441,1812042.0,351.05905
10442,1812043.0,130.68378
10443,1812044.0,74.002396
10444,1812045.0,260.69614
10445,1812046.0,86.71982
10450,1812055.0,247.81982
10451,1812056.0,79.08309
10449,1812054.0,75.89639
10447,1812052.0,368.2889
10446,1812051.0,108.060036
10448,1812053.0,147.62402
10456,1812065.0,239.60965
10455,1812064.0,82.0963
10457,1812066.0,91.59396
10453,1812062.0,371.3924
10452,1812061.0,123.07345
10454,1812063.0,143.95444
10458,1812071.0,109.04992
10459,1812072.0,400.9836
10460,1812073.0,144.62956
10461,1812074.0,74.13402
10462,1812075.0,234.77307
10463,1812076.0,81.48401
10468,1812085.0,290.52768
10467,1812084.0,100.152626
10469,1812086.0,118.49521
10465,1812082.0,449.119
10464,1812081.0,139.15294
10466,1812083.0,187.5286
10470,1812091.0,89.96114
10471,1812092.0,491.9716
10472,1812093.0,210.70137
10473,1812094.0,129.45134
10474,1812095.0,296.2139
10475,1812096.0,104.94695
10481,1812106.0,85.04263
10480,1812105.0,264.0945
10479,1812104.0,81.346085
10478,1812103.0,138.46265
10476,1812101.0,121.31283
10477,1812102.0,356.4338
10482,1812111.0,106.84387
10483,1812112.0,366.453
10484,1812113.0,129.15932
10485,1812114.0,68.88804
10486,1812115.0,291.61475
10487,1812116.0,77.40126
10492,1812125.0,281.25357
10491,1812124.0,71.38597
10493,1812126.0,75.84205
10489,1812122.0,354.12003
10490,1812123.0,114.56805
10488,1812121.0,99.340996
10494,1812131.0,128.824
10495,1812132.0,384.4401
10496,1812133.0,151.41579
10497,1812134.0,76.52135
10498,1812135.0,260.9629
10499,1812136.0,70.96268
10503,1812144.0,69.22034
10505,1812146.0,85.537506
10504,1812145.0,252.98883
10502,1812143.0,129.48871
10501,1812142.0,323.7479
10500,1812141.0,111.661026
10506,1812151.0,143.07092
10507,1812152.0,461.48935
10508,1812153.0,215.25688
10509,1812154.0,80.58585
10510,1812155.0,304.10678
10511,1812156.0,105.06139
10516,1812165.0,299.69815
10515,1812164.0,106.88951
10517,1812166.0,82.05652
10514,1812163.0,210.13937
10512,1812161.0,79.82971
10513,1812162.0,493.23975
10518,1812171.0,120.40561
10519,1812172.0,379.59903
10520,1812173.0,132.98227
10521,1812174.0,73.681656
10522,1812175.0,254.29137
10523,1812176.0,74.63386
10529,1812186.0,75.66381
10528,1812185.0,296.20596
10527,1812184.0,64.354324
10525,1812182.0,394.67557
10524,1812181.0,105.122345
10526,1812183.0,135.70984
10530,1812191.0,96.00128
10531,1812192.0,376.7403
10532,1812193.0,130.34552
10533,1812194.0,74.37656
10534,1812195.0,271.15756
10535,1812196.0,70.18074
10541,1812206.0,84.42225
10540,1812205.0,299.58978
10539,1812204.0,74.535515
10537,1812202.0,426.21463
10536,1812201.0,136.6897
10538,1812203.0,187.63327
10542,1812211.0,139.41179
10543,1812212.0,434.3162
10544,1812213.0,206.84036
10545,1812214.0,78.07776
10546,1812215.0,286.2108
10547,1812216.0,92.83766
10553,1812226.0,158.09457
10552,1812225.0,310.15433
10551,1812224.0,121.681946
10549,1812222.0,512.79395
10548,1812221.0,188.96173
10550,1812223.0,276.57626
10554,1812231.0,130.9303
10555,1812232.0,510.71603
10556,1812233.0,268.71127
10557,1812234.0,130.76791
10558,1812235.0,301.9087
10559,1812236.0,123.14368
10565,1812246.0,87.06008
10564,1812245.0,239.76921
10563,1812244.0,77.214905
10561,1812242.0,317.90683
10560,1812241.0,160.27386
10562,1812243.0,137.83578
10566,,44.534534
10567,,33.536037
10568,1812271.0,141.78642
10569,1812272.0,375.5546
10570,1812273.0,164.48553
10571,1812274.0,83.80636
10572,1812275.0,257.4958
10573,1812276.0,97.73796
10579,1812286.0,99.61525
10578,1812285.0,279.53293
10577,1812284.0,81.87982
10574,1812281.0,143.099
10575,1812282.0,418.11237
10576,1812283.0,182.25116
10580,1812291.0,173.30518
10581,1812292.0,492.10977
10582,1812293.0,243.38489
10583,1812294.0,104.069786
10584,1812295.0,292.88705
10589,1812305.0,367.3512
10588,1812304.0,98.32852
10585,1812301.0,150.5849
10586,1812302.0,491.15662
10587,1812303.0,231.65918
10590,1812311.0,113.85298
10591,1812312.0,372.91916
10592,1812313.0,103.8193
10593,1812315.0,581.25055
10594,,37.75371
10599,1901025.0,271.41736
10598,1901024.0,126.65619
10597,1901023.0,180.43579
10596,1901022.0,311.861
10595,1901021.0,131.3923
10600,1901031.0,137.41803
10601,1901032.0,355.02048
10602,1901033.0,174.50124
10603,1901034.0,108.487305
10604,1901035.0,279.81375
10608,1901044.0,95.171234
10607,1901043.0,168.33412
10609,1901045.0,275.9692
10605,1901041.0,118.55191
10606,1901042.0,330.00363
10610,1901051.0,133.4617
10611,1901052.0,403.161
10612,1901053.0,184.26868
10613,1901054.0,99.63178
10614,1901055.0,334.69034
10618,1901064.0,176.16463
10617,1901063.0,210.12268
10619,1901065.0,292.54337
10615,1901061.0,99.39349
10616,1901062.0,412.17734
10620,1901071.0,113.09334
10621,1901072.0,299.22775
10622,1901073.0,127.17291
10623,1901074.0,82.89961
10624,1901075.0,283.2171
10625,1901081.0,102.10281
10626,1901082.0,277.27847
10627,1901083.0,125.24746
10628,1901084.0,94.32689
10629,1901085.0,285.7659
10634,1901095.0,262.6093
10633,1901094.0,82.9235
10630,1901091.0,103.44594
10631,1901092.0,243.86227
10632,1901093.0,122.787506
10635,1901101.0,119.61742
10636,1901102.0,331.63174
10637,1901103.0,144.13565
10638,1901104.0,94.62851
10639,1901105.0,288.0493
10644,1901115.0,299.39505
10642,1901113.0,144.91475
10643,1901114.0,106.051155
10640,1901111.0,111.86018
10641,1901112.0,318.00687
10645,1901121.0,132.97531
10646,1901122.0,412.62375
10647,1901123.0,180.53069
10648,1901124.0,123.38808
10649,1901125.0,331.814
10653,1901134.0,172.05498
10652,1901133.0,201.2661
10654,1901135.0,305.89865
10650,1901131.0,114.73119
10651,1901132.0,414.73428
10659,1901145.0,278.85837
10658,1901144.0,102.61742
10655,1901141.0,122.03587
10656,1901142.0,280.41226
10657,1901143.0,130.71173
10663,1901154.0,104.8087
10662,1901153.0,137.9143
10664,1901155.0,287.10666
10660,1901151.0,102.83424
10661,1901152.0,288.7179
10665,1901161.0,104.479095
10666,1901162.0,302.68268
10668,1901164.0,91.26947
10669,1901165.0,296.89682
10667,1901163.0,134.41737
10670,1901171.0,116.175186
10671,1901172.0,317.2918
10672,1901173.0,143.50475
10673,1901174.0,92.695656
10674,1901175.0,299.11542
10678,1901184.0,103.62625
10679,1901185.0,300.63962
10677,1901183.0,152.71173
10675,1901181.0,128.94708
10676,1901182.0,332.0756
10680,1901191.0,148.90582
10681,1901192.0,431.50403
10682,1901193.0,198.14563
10683,1901194.0,144.04053
10684,1901195.0,332.5556
10689,1901205.0,322.7937
10688,1901204.0,176.3554
10687,1901203.0,214.87173
10686,1901202.0,431.12473
10685,1901201.0,99.4008
10690,1901211.0,119.632965
10691,1901212.0,313.16245
10692,1901213.0,147.14078
10693,1901214.0,106.124146
10694,1901215.0,283.98108
10698,1901224.0,116.35839
10697,1901223.0,146.17517
10699,1901225.0,283.49185
10695,1901221.0,120.029335
10696,1901222.0,286.5143
10700,1901231.0,112.93316
10701,1901232.0,295.025
10702,1901233.0,129.5087
10703,1901234.0,85.65991
10704,1901235.0,286.70724
10708,1901244.0,78.13188
10707,1901243.0,131.82565
10709,1901245.0,285.2047
10705,1901241.0,122.31241
10706,1901242.0,315.93942
10710,1901251.0,122.726944
10711,1901252.0,329.96878
10712,1901253.0,147.58331
10713,1901254.0,104.66996
10714,1901255.0,295.2681
10715,1901261.0,143.47885
10716,1901262.0,406.53452
10717,1901263.0,181.20766
10718,1901264.0,129.67528
10719,1901265.0,326.2172
10724,1901275.0,325.73846
10723,1901274.0,165.04694
10720,1901271.0,114.39734
10721,1901272.0,416.29025
10722,1901273.0,185.12195
10725,1901281.0,112.7587
10726,1901282.0,311.36057
10727,1901283.0,126.047874
10728,1901284.0,75.05145
10729,1901285.0,275.3904
10730,1901291.0,118.33148
10731,1901292.0,314.62643
10732,1901293.0,149.5026
10733,1901294.0,113.32863
10734,1901295.0,295.68005
10739,1901305.0,288.80154
10738,1901304.0,93.316025
10735,1901301.0,116.067535
10736,1901302.0,298.52945
10737,1901303.0,138.98935
10740,1901311.0,123.85383
10741,1901312.0,318.05548
10742,1901313.0,134.75162
10743,1901314.0,83.16217
10744,1901315.0,282.77133
10749,1902015.0,286.55087
10748,1902014.0,109.00079
10745,1902011.0,121.64534
10746,1902012.0,310.519
10747,1902013.0,136.07492
10750,1902021.0,148.93573
10751,1902022.0,426.03702
10752,1902023.0,185.95667
10753,1902024.0,141.4007
10754,1902025.0,324.0327
10759,1902035.0,369.55786
10758,1902034.0,228.19681
10756,1902032.0,473.9508
10755,1902031.0,154.63698
10757,1902033.0,262.71573
10764,1902045.0,282.73526
10760,1902041.0,123.680435
10761,1902042.0,310.0134
10762,1902043.0,140.2047
10763,1902044.0,110.54491
10769,1902055.0,308.44803
10768,1902054.0,118.16159
10767,1902053.0,147.29958
10766,1902052.0,325.84604
10765,1902051.0,116.30105
10770,1902061.0,129.84625
10771,1902062.0,326.81396
10772,1902063.0,150.49261
10773,1902064.0,133.96605
10774,1902065.0,271.68454
10779,1902075.0,311.24493
10778,1902074.0,120.54638
10776,1902072.0,347.50443
10775,1902071.0,130.17763
10777,1902073.0,160.9267
10780,1902081.0,120.01364
10781,1902082.0,348.9182
10782,1902083.0,151.4913
10783,1902084.0,126.55205
10784,1902085.0,329.146
10788,1902094.0,153.48654
10787,1902093.0,191.79486
10789,1902095.0,348.80426
10785,1902091.0,146.32379
10786,1902092.0,395.3046
10790,1902101.0,132.12349
10791,1902102.0,489.6472
10792,1902103.0,236.20465
10793,1902104.0,216.32895
10794,1902105.0,387.54727
10798,1902114.0,120.83704
10797,1902113.0,142.2082
10799,1902115.0,292.7532
10795,1902111.0,135.28905
10796,1902112.0,304.15198
10800,1902121.0,118.92224
10801,1902122.0,323.51242
10802,1902123.0,136.92831
10803,1902124.0,123.95463
10804,1902125.0,316.78775
10805,1902131.0,107.39992
10806,1902132.0,322.69424
10807,1902133.0,121.16863
10808,1902134.0,97.29163
10809,1902135.0,310.8276
10814,1902145.0,322.66208
10813,1902144.0,122.46673
10812,1902143.0,147.73209
10810,1902141.0,130.964
10811,1902142.0,354.354
10815,1902151.0,134.29813
10816,1902152.0,355.6539
10817,1902153.0,172.87025
10818,1902154.0,158.55125
10819,1902155.0,332.749
10824,1902165.0,364.3432
10822,1902163.0,221.31015
10823,1902164.0,185.91968
10820,1902161.0,156.40045
10821,1902162.0,416.32236
10825,1902171.0,129.02264
10826,1902172.0,501.52524
10827,1902173.0,238.92549
10828,1902174.0,220.81277
10829,1902175.0,395.45975
10833,1902184.0,126.84837
10832,1902183.0,165.02112
10834,1902185.0,310.10654
10830,1902181.0,136.12146
10831,1902182.0,328.06638
10839,1902195.0,320.6368
10838,1902194.0,128.0705
10835,1902191.0,115.47796
10836,1902192.0,315.70334
10837,1902193.0,144.29932
10843,1902204.0,115.6499
10842,1902203.0,141.88583
10844,1902205.0,325.00284
10840,1902201.0,112.6494
10841,1902202.0,335.94955
10845,1902211.0,124.96417
10846,1902212.0,349.6375
10848,1902214.0,114.88842
10849,1902215.0,325.29276
10847,1902213.0,154.578
10850,1902221.0,125.56377
10851,1902222.0,330.39166
10852,1902223.0,143.91281
10853,1902224.0,119.011696
10854,1902225.0,315.31577
10858,1902234.0,128.64725
10859,1902235.0,365.26672
10857,1902233.0,172.56406
10855,1902231.0,141.82895
10856,1902232.0,405.81345
10860,1902241.0,123.16318
10861,1902242.0,476.23938
10862,1902243.0,246.09732
10863,1902244.0,213.95859
10864,1902245.0,360.11273
10869,1902255.0,297.4099
10868,1902254.0,116.2384
10867,1902253.0,152.1834
10866,1902252.0,323.42868
10865,1902251.0,135.84688
10870,1902261.0,125.58591
10871,1902262.0,331.17697
10872,1902263.0,145.4427
10873,1902264.0,127.125694
10874,1902265.0,313.49347
10878,1902274.0,117.63605
10877,1902273.0,136.59676
10879,1902275.0,308.7606
10875,1902271.0,119.76526
10876,1902272.0,321.61423
10880,1902281.0,133.04594
10881,1902282.0,328.32144
10882,1902283.0,144.92471
10883,1902284.0,110.64855
10884,1902285.0,313.69867
10888,1903014.0,90.13074
10887,1903013.0,169.68686
10889,1903015.0,274.7309
10885,1903011.0,134.24126
10886,1903012.0,353.58267
10890,1903021.0,171.1199
10891,1903022.0,454.57773
10892,1903023.0,230.2555
10893,1903024.0,110.293465
10894,1903025.0,332.24826
10895,1903031.0,83.15401
10896,1903032.0,365.98166
10897,1903033.0,183.60138
10898,1903034.0,124.475204
10899,1903035.0,255.48907
10904,1903045.0,265.12918
10903,1903044.0,86.93444
10900,1903041.0,133.91519
10901,1903042.0,306.7867
10902,1903043.0,149.43387
10905,1903051.0,131.27274
10906,1903052.0,311.87607
10907,1903053.0,153.42082
10908,1903054.0,97.68442
10909,1903055.0,266.2047
10910,1903061.0,137.13847
10911,1903062.0,343.5753
10912,1903063.0,167.92389
10913,1903064.0,92.20436
10914,1903065.0,282.0138
10919,1903075.0,252.2203
10918,1903074.0,91.579926
10915,1903071.0,147.10544
10916,1903072.0,327.67108
10917,1903073.0,159.3111
10920,1903081.0,136.51274
10921,1903082.0,280.14557
10922,1903083.0,158.55814
10923,1903084.0,91.41759
10924,1903085.0,266.8741
10929,1903095.0,294.90372
10928,1903094.0,107.272575
10925,1903091.0,159.9574
10926,1903092.0,337.92636
10927,1903093.0,187.84515
10930,1903101.0,121.952515
10931,1903102.0,477.47638
10932,1903103.0,217.05688
10933,1903104.0,162.6603
10934,1903105.0,339.77478
10939,1903115.0,314.68915
10938,1903114.0,99.818184
10937,1903113.0,184.0331
10935,1903111.0,152.75153
10936,1903112.0,349.89084
10940,1903121.0,139.93878
10941,1903122.0,325.598
10942,1903123.0,166.79434
10943,1903124.0,96.23665
10944,1903125.0,309.35995
10949,1903135.0,311.56717
10947,1903133.0,162.21317
10948,1903134.0,90.57375
10945,1903131.0,137.88754
10946,1903132.0,314.07425
10950,1903141.0,153.04623
10951,1903142.0,319.4606
10952,1903143.0,172.51517
10953,1903144.0,92.16321
10954,1903145.0,278.91177
10957,1903153.0,166.91399
10959,1903155.0,262.0064
10958,1903154.0,90.07798
10956,1903152.0,285.97104
10955,1903151.0,129.43176
10960,1903161.0,181.37154
10961,1903162.0,420.2344
10962,1903163.0,222.40062
10963,1903164.0,116.333466
10964,1903165.0,364.9014
10969,1903175.0,322.8778
10968,1903174.0,169.42441
10967,1903173.0,203.28564
10966,1903172.0,441.29608
10965,1903171.0,121.774734
10970,1903181.0,136.80087
10971,1903182.0,277.01288
10972,1903183.0,144.40875
10973,1903184.0,87.56702
10974,1903185.0,274.82547
10979,1903195.0,306.0695
10978,1903194.0,93.62532
10977,1903193.0,152.57327
10976,1903192.0,340.27026
10975,1903191.0,134.11066
10980,,117.97999
10981,1903211.0,146.2133
10982,1903212.0,348.1758
10983,1903213.0,164.7659
10984,1903214.0,78.594406
10985,1903215.0,278.49777
10989,1903224.0,88.2414
10988,1903223.0,179.94443
10990,1903225.0,326.9953
10986,1903221.0,148.7984
10987,1903222.0,380.75162
10995,1903235.0,332.56113
10994,1903234.0,102.95404
10993,1903233.0,218.9993
10991,1903231.0,167.68225
10992,1903232.0,412.96793
10996,1903241.0,117.169075
10997,1903242.0,490.56342
10998,1903243.0,231.26566
10999,1903244.0,161.10196
11000,1903245.0,355.4483
11005,1903255.0,295.27994
11003,1903253.0,160.80609
11004,1903254.0,91.624176
11001,1903251.0,143.4396
11002,1903252.0,321.15738
11006,1903261.0,135.54752
11007,1903262.0,323.71072
11008,1903263.0,161.04103
11009,1903264.0,83.864944
11010,1903265.0,301.2636
11014,1903274.0,94.71479
11013,1903273.0,171.60446
11015,1903275.0,314.57907
11011,1903271.0,144.393
11012,1903272.0,337.78116
11020,1903285.0,287.21457
11019,1903284.0,94.88242
11016,1903281.0,159.49875
11017,1903282.0,345.87903
11018,1903283.0,187.47806
11024,1903294.0,95.11993
11023,1903293.0,194.75473
11025,1903295.0,316.23953
11021,1903291.0,153.18674
11022,1903292.0,356.24167
11026,1903301.0,169.74767
11027,1903302.0,424.2312
11029,1903304.0,123.58287
11030,1903305.0,308.60202
11028,1903303.0,240.58994
11031,1903311.0,130.14676
11032,1903312.0,455.56854
11033,1903313.0,238.81305
11034,1903314.0,175.992
11035,1903315.0,340.39883
11039,1904014.0,105.56288
11040,1904015.0,276.6341
11038,1904013.0,184.04312
11036,1904011.0,157.27515
11037,1904012.0,337.95197
11041,1904021.0,155.26567
11042,1904022.0,351.52762
11043,1904023.0,195.52277
11044,1904024.0,117.010574
11045,1904025.0,276.3241
11046,,140.48135
11051,1904045.0,266.47824
11050,1904044.0,120.06235
11048,1904042.0,442.4231
11047,1904041.0,201.69247
11049,1904043.0,244.18747
11052,1904051.0,185.20325
11053,1904052.0,434.3564
11054,1904053.0,243.63068
11055,1904054.0,114.70754
11056,1904055.0,274.34848
11060,1904064.0,152.00565
11059,1904063.0,297.8071
11061,1904065.0,306.71405
11057,1904061.0,216.09723
11058,1904062.0,509.5576
11062,1904071.0,181.3611
11063,1904072.0,530.39496
11064,1904073.0,280.09094
11065,1904074.0,169.87585
11066,1904075.0,283.62674
11070,1904084.0,118.02527
11069,1904083.0,212.77629
11071,1904085.0,273.43445
11067,1904081.0,170.65932
11068,1904082.0,384.5035
11072,1904091.0,167.88748
11073,1904092.0,377.36716
11074,1904093.0,215.53494
11075,1904094.0,121.26688
11076,1904095.0,280.65347
11077,1904101.0,165.36996
11078,1904102.0,392.15332
11079,1904103.0,214.40219
11080,1904104.0,118.846855
11081,1904105.0,282.533
11086,1904115.0,279.4447
11085,1904114.0,110.73426
11084,1904113.0,227.86888
11082,1904111.0,189.7565
11083,1904112.0,424.2582
11087,1904121.0,189.66753
11088,1904122.0,412.29495
11089,1904123.0,230.90117
11090,1904124.0,110.655
11091,1904125.0,300.16565
11092,1904131.0,224.2644
11093,1904132.0,487.44363
11094,1904133.0,266.99066
11095,1904134.0,174.47052
11096,1904135.0,295.2039
11101,1904145.0,293.45572
11100,1904144.0,171.32243
11097,1904141.0,183.60837
11098,1904142.0,517.9214
11099,1904143.0,259.31088
11102,1904151.0,171.80104
11103,1904152.0,392.47977
11104,1904153.0,211.5314
11105,1904154.0,111.93992
11106,1904155.0,276.1974
11111,1904165.0,297.17953
11110,1904164.0,83.41173
11108,1904162.0,441.15408
11107,1904161.0,193.32983
11109,1904163.0,243.97133
11112,1904171.0,193.21109
11113,1904172.0,459.89603
11114,1904173.0,245.46115
11115,1904174.0,81.32965
11116,1904175.0,299.73703
11119,1904183.0,266.96463
11121,1904185.0,316.8926
11120,1904184.0,111.80943
11118,1904182.0,483.54907
11117,1904181.0,222.87599
11122,,55.05336
11123,1904201.0,300.16754
11124,1904202.0,636.60925
11125,1904203.0,337.76245
11126,1904204.0,184.34
11127,1904205.0,429.7068
11132,1904215.0,294.4808
11131,1904214.0,157.95949
11130,1904213.0,271.40012
11129,1904212.0,479.0886
11128,1904211.0,147.42444
11133,1904221.0,99.52678
11134,1904222.0,514.24866
11135,1904223.0,241.95078
11136,1904224.0,96.586395
11137,1904225.0,274.76874
11142,1904235.0,270.63776
11141,1904234.0,101.959236
11140,1904233.0,181.49628
11139,1904232.0,333.8997
11138,1904231.0,142.73642
11143,1904241.0,152.4368
11144,1904242.0,352.5013
11145,1904243.0,197.07484
11146,1904244.0,97.191605
11147,1904245.0,275.00375
11151,1904254.0,123.8798
11150,1904253.0,237.05809
11152,1904255.0,276.33847
11148,1904251.0,182.08582
11149,1904252.0,405.63528
11153,1904261.0,163.11537
11154,1904262.0,386.17535
11155,1904263.0,213.68492
11156,1904264.0,96.10444
11157,1904265.0,274.3596
11161,1904274.0,129.74744
11160,1904273.0,259.8387
11162,1904275.0,301.11435
11158,1904271.0,196.10335
11159,1904272.0,473.1539
11163,1904281.0,83.20923
11164,1904282.0,353.08084
11165,1904283.0,205.91751
11166,1904284.0,86.533615
11167,1904285.0,258.642
11168,1904291.0,155.02168
11169,1904292.0,372.7537
11170,1904293.0,207.02914
11171,1904294.0,87.89799
11172,1904295.0,281.4642
11177,1904305.0,270.0579
11176,1904304.0,101.10095
11175,1904303.0,200.04745
11173,1904301.0,156.50247
11174,1904302.0,375.06696
11178,,76.359955
11179,1905021.0,189.80972
11180,1905022.0,430.56207
11181,1905023.0,236.202
11182,1905024.0,163.55847
11183,1905025.0,291.31125
11188,1905035.0,298.6143
11187,1905034.0,161.65883
11186,1905033.0,243.99356
11185,1905032.0,423.33804
11184,1905031.0,182.09433
11189,1905041.0,237.78426
11190,1905042.0,494.5254
11191,1905043.0,292.1915
11192,1905044.0,218.16714
11193,1905045.0,335.4811
11197,1905054.0,195.01678
11196,1905053.0,273.15887
11198,1905055.0,306.5571
11194,1905051.0,168.40341
11195,1905052.0,513.76526
11203,1905065.0,300.85403
11202,1905064.0,179.5144
11199,1905061.0,188.95569
11200,1905062.0,402.0676
11201,1905063.0,249.12036
11207,1905074.0,178.88876
11206,1905073.0,249.50215
11208,1905075.0,308.48514
11204,1905071.0,180.9017
11205,1905072.0,403.16373
11209,1905081.0,216.59848
11210,1905082.0,449.1706
11212,1905084.0,179.04086
11213,1905085.0,342.08963
11211,1905083.0,264.4155
11214,1905091.0,218.47066
11215,1905092.0,472.99283
11216,1905093.0,273.16214
11217,1905094.0,179.35667
11218,1905095.0,323.73532
11222,1905104.0,163.36337
11223,1905105.0,340.953
11220,1905102.0,442.37106
11219,1905101.0,212.24069
11221,1905103.0,257.99722
11224,1905111.0,253.29266
11225,1905112.0,506.05112
11226,1905113.0,303.7969
11227,1905114.0,240.737
11228,1905115.0,384.1687
11233,1905125.0,332.65115
11232,1905124.0,220.25334
11231,1905123.0,295.60034
11230,1905122.0,504.14835
11229,1905121.0,175.29959
11234,1905131.0,183.96973
11235,1905132.0,430.06198
11236,1905133.0,258.11667
11237,1905134.0,165.82394
11238,1905135.0,318.12576
11242,1905144.0,157.52933
11241,1905143.0,251.88133
11243,1905145.0,332.91617
11239,1905141.0,197.02571
11240,1905142.0,422.62772
11244,1905151.0,201.65688
11245,1905152.0,436.83
11246,1905153.0,258.96085
11247,1905154.0,183.3817
11248,1905155.0,325.543
11252,1905164.0,149.44444
11251,1905163.0,247.36484
11253,1905165.0,314.02048
11249,1905161.0,202.6062
11250,1905162.0,412.4453
11254,1905171.0,202.73102
11255,1905172.0,456.70804
11256,1905173.0,257.1047
11257,1905174.0,151.47807
11258,1905175.0,349.0065
11259,1905181.0,233.4984
11260,1905182.0,509.34442
11261,1905183.0,295.79926
11262,1905184.0,206.52132
11263,1905185.0,328.88657
11268,1905195.0,343.00217
11267,1905194.0,217.76535
11264,1905191.0,207.76575
11265,1905192.0,530.31635
11266,1905193.0,293.63034
11269,1905201.0,191.05261
11270,1905202.0,412.70102
11271,1905203.0,258.91428
11272,1905204.0,152.48715
11273,1905205.0,297.05276
11274,1905211.0,200.75139
11275,1905212.0,435.69583
11276,1905213.0,261.7245
11277,1905214.0,185.10434
11278,1905215.0,298.53586
11283,1905225.0,332.0643
11282,1905224.0,150.55252
11279,1905221.0,197.02583
11280,1905222.0,414.4979
11281,1905223.0,240.79706
11284,1905231.0,196.0777
11285,1905232.0,486.90894
11286,1905233.0,267.21198
11287,1905234.0,147.02032
11288,1905235.0,293.32425
11293,1905245.0,303.14658
11292,1905244.0,137.90616
11289,1905241.0,185.09482
11290,1905242.0,421.2607
11291,1905243.0,252.37985
11294,1905251.0,244.829
11295,1905252.0,527.2268
11296,1905253.0,308.13724
11297,1905254.0,239.53784
11298,1905255.0,344.5178
11303,1905265.0,321.5162
11302,1905264.0,216.30928
11301,1905263.0,295.08725
11299,1905261.0,219.71747
11300,1905262.0,524.49146
11304,1905271.0,190.36395
11305,1905272.0,412.37643
11306,1905273.0,264.7919
11307,1905274.0,153.90685
11308,1905275.0,295.07803
11313,1905285.0,321.9294
11312,1905284.0,131.39958
11311,1905283.0,258.37173
11310,1905282.0,415.01846
11309,1905281.0,188.6023
11314,1905291.0,184.12857
11315,1905292.0,454.00912
11316,1905293.0,268.68814
11317,1905294.0,136.84804
11318,1905295.0,333.7314
11323,1905305.0,305.7466
11322,1905304.0,174.55049
11321,1905303.0,288.83807
11320,1905302.0,526.615
11319,1905301.0,207.14449
11324,1905311.0,218.74863
11325,1905312.0,487.4805
11326,1905313.0,272.66782
11327,1905314.0,160.62741
11328,1905315.0,284.42892
11332,1906014.0,132.14212
11331,1906013.0,280.17612
11333,1906015.0,293.718
11329,1906011.0,203.63727
11330,1906012.0,529.3083
11334,1906021.0,172.78506
11335,1906022.0,531.00684
11336,1906023.0,290.46005
11337,1906024.0,125.186745
11338,1906025.0,280.90778
11342,1906034.0,99.260925
11341,1906033.0,256.45148
11343,1906035.0,279.08188
11339,1906031.0,170.90204
11340,1906032.0,463.1327
11344,1906041.0,188.40077
11345,1906042.0,435.65308
11346,1906043.0,244.75964
11347,1906044.0,138.17154
11348,1906045.0,281.0389
11353,1906055.0,275.5747
11349,1906051.0,178.81079
11350,1906052.0,449.2014
11351,1906053.0,248.57962
11352,1906054.0,109.007645
11358,1906065.0,272.61398
11357,1906064.0,122.71681
11356,1906063.0,229.50412
11354,1906061.0,190.33351
11355,1906062.0,405.9645
11359,1906071.0,196.58165
11360,1906072.0,436.21283
11361,1906073.0,261.7972
11362,1906074.0,125.67039
11363,1906075.0,288.4602
11368,1906085.0,319.39908
11366,1906083.0,281.42545
11367,1906084.0,181.02075
11364,1906081.0,229.97922
11365,1906082.0,498.87454
11369,1906091.0,171.12782
11370,1906092.0,519.2195
11371,1906093.0,285.006
11372,1906094.0,171.09654
11373,1906095.0,296.53458
11377,1906104.0,124.822914
11376,1906103.0,284.62424
11378,1906105.0,294.39023
11374,1906101.0,138.7456
11375,1906102.0,551.1
11383,1906115.0,283.61856
11382,1906114.0,110.39735
11379,1906111.0,185.6676
11380,1906112.0,432.20798
11381,1906113.0,257.3176
11387,1906124.0,117.16446
11386,1906123.0,243.03462
11388,1906125.0,285.4501
11384,1906121.0,177.39609
11385,1906122.0,421.69128
11389,1906131.0,190.14026
11390,1906132.0,436.46027
11392,1906134.0,89.5363
11393,1906135.0,272.952
11391,1906133.0,263.8044
11394,1906141.0,186.72266
11395,1906142.0,476.68588
11396,1906143.0,271.6351
11397,1906144.0,89.60982
11398,1906145.0,277.51172
11402,1906154.0,139.11153
11403,1906155.0,297.04688
11400,1906152.0,481.41913
11399,1906151.0,213.72328
11401,1906153.0,271.25638
11404,1906161.0,177.28636
11405,1906162.0,548.1757
11406,1906163.0,295.06686
11407,1906164.0,168.81522
11408,1906165.0,299.4721
11413,1906175.0,286.8348
11412,1906174.0,124.272064
11411,1906173.0,270.8455
11410,1906172.0,473.298
11409,1906171.0,177.27908
11414,1906181.0,178.72281
11415,1906182.0,446.01935
11416,1906183.0,259.75555
11417,1906184.0,91.74116
11418,1906185.0,272.73407
11422,1906194.0,92.5755
11421,1906193.0,272.5391
11423,1906195.0,285.71036
11419,1906191.0,183.31332
11420,1906192.0,469.70676
11424,1906201.0,193.33575
11425,1906202.0,465.1311
11426,1906203.0,249.80261
11427,1906204.0,119.01001
11428,1906205.0,288.7836
11432,1906214.0,115.3053
11431,1906213.0,255.14323
11433,1906215.0,297.43008
11429,1906211.0,192.45003
11430,1906212.0,446.45468
11434,1906221.0,239.5581
11435,1906222.0,541.41907
11436,1906223.0,308.4241
11437,1906224.0,129.06528
11438,1906225.0,301.3337
11439,1906231.0,199.90184
11440,1906232.0,569.8432
11441,1906233.0,291.33383
11442,1906234.0,152.37277
11443,1906235.0,287.85858
11448,1906245.0,285.04092
11447,1906244.0,93.47391
11446,1906243.0,289.97354
11444,1906241.0,197.67006
11445,1906242.0,458.9245
11449,1906251.0,180.55061
11450,1906252.0,462.67676
11451,1906253.0,278.84915
11452,1906254.0,85.639656
11453,1906255.0,272.22116
11454,1906261.0,184.93697
11455,1906262.0,463.28592
11456,1906263.0,283.07303
11457,1906264.0,100.59845
11458,1906265.0,284.46136
11463,1906275.0,285.3733
11462,1906274.0,101.04656
11459,1906271.0,192.85925
11460,1906272.0,450.6299
11461,1906273.0,273.51596
11464,1906281.0,192.27841
11465,1906282.0,480.73264
11466,1906283.0,289.43625
11467,1906284.0,103.92791
11468,1906285.0,293.29977
11473,1906295.0,327.14676
11472,1906294.0,205.46182
11469,1906291.0,260.43185
11470,1906292.0,621.44226
11471,1906293.0,334.76724
11474,1906301.0,195.6969
11475,1906302.0,577.709
11476,1906303.0,291.96054
11477,1906304.0,128.94054
11478,1906305.0,288.13174
11483,1907015.0,272.59552
11482,1907014.0,99.18747
11480,1907012.0,422.15085
11479,1907011.0,159.17438
11481,1907013.0,250.85979
11488,1907025.0,281.94308
11484,1907021.0,160.08386
11485,1907022.0,414.9634
11486,1907023.0,257.3768
11487,1907024.0,102.62721
11493,1907035.0,280.6653
11492,1907034.0,105.8452
11491,1907033.0,260.59946
11490,1907032.0,431.19125
11489,1907031.0,159.65857
11494,1907041.0,183.79044
11495,1907042.0,407.08508
11496,1907043.0,257.3785
11497,1907044.0,117.72759
11498,1907045.0,276.96945
11503,1907055.0,285.59567
11502,1907054.0,112.34818
11500,1907052.0,444.51447
11499,1907051.0,173.51157
11501,1907053.0,265.3987
11504,1907061.0,204.97162
11505,1907062.0,499.94437
11506,1907063.0,272.92123
11507,1907064.0,149.44324
11508,1907065.0,284.21353
11512,1907074.0,192.8609
11511,1907073.0,272.6271
11513,1907075.0,292.03647
11509,1907071.0,188.25284
11510,1907072.0,523.7518
11514,1907081.0,191.56393
11515,1907082.0,481.04367
11516,1907083.0,268.85214
11517,1907084.0,133.56192
11518,1907085.0,277.96472
11519,1907091.0,179.92804
11520,1907092.0,452.14395
11521,1907093.0,259.835
11522,1907094.0,113.945885
11523,1907095.0,279.78915
11524,,154.31502
11525,1907111.0,206.68207
11526,1907112.0,494.9409
11527,1907113.0,278.1288
11528,1907114.0,163.81194
11529,1907115.0,284.647
11530,1907121.0,193.59329
11531,1907122.0,498.8825
11532,1907123.0,274.3704
11533,1907124.0,126.441505
11534,1907125.0,283.6556
11539,1907135.0,294.15918
11538,1907134.0,157.39053
11536,1907132.0,535.27466
11535,1907131.0,212.50357
11537,1907133.0,284.03604
11540,1907141.0,181.90921
11541,1907142.0,547.84894
11542,1907143.0,279.93985
11543,1907144.0,163.7302
11544,1907145.0,294.17715
11549,1907155.0,282.2732
11547,1907153.0,263.52158
11548,1907154.0,106.824524
11545,1907151.0,177.78212
11546,1907152.0,466.9166
11550,1907161.0,178.97702
11551,1907162.0,471.9245
11552,1907163.0,265.29877
11553,1907164.0,112.46374
11554,1907165.0,278.2906
11558,1907174.0,132.48306
11557,1907173.0,281.99847
11559,1907175.0,289.3114
11555,1907171.0,181.48073
11556,1907172.0,491.91
11564,1907185.0,284.7339
11563,1907184.0,129.16574
11560,1907181.0,198.48404
11561,1907182.0,501.5731
11562,1907183.0,279.17456
11568,1907194.0,100.61869
11567,1907193.0,271.56284
11569,1907195.0,278.69827
11565,1907191.0,185.50732
11566,1907192.0,478.73785
11570,1907201.0,214.6659
11571,1907202.0,510.3424
11573,1907204.0,143.19864
11574,1907205.0,273.96188
11572,1907203.0,277.64203
11575,1907211.0,168.97775
11576,1907212.0,504.94275
11577,1907213.0,283.29318
11578,1907214.0,140.96304
11579,1907215.0,289.53702
11583,1907224.0,126.86005
11584,1907225.0,279.88022
11582,1907223.0,274.92966
11580,1907221.0,195.44574
11581,1907222.0,490.23074
11585,1907231.0,193.6769
11586,1907232.0,492.5444
11587,1907233.0,284.17233
11588,1907234.0,125.737595
11589,1907235.0,278.63046
11594,1907245.0,278.88925
11593,1907244.0,124.63719
11592,1907243.0,283.54343
11591,1907242.0,483.85355
11590,1907241.0,189.7172
11595,1907251.0,178.73004
11596,1907252.0,441.1374
11597,1907253.0,277.29333
11598,1907254.0,97.474014
11599,1907255.0,277.5886
11603,1907264.0,121.56653
11602,1907263.0,285.31912
11604,1907265.0,283.55722
11600,1907261.0,190.8316
11601,1907262.0,498.4411
11605,1907271.0,189.64828
11606,1907272.0,438.7591
11607,1907273.0,268.47787
11608,1907274.0,109.11496
11609,1907275.0,282.6642
11613,1907284.0,173.64946
11612,1907283.0,278.83084
11614,1907285.0,286.64545
11610,1907281.0,198.69313
11611,1907282.0,541.44006
11615,1907291.0,201.13371
11616,1907292.0,491.6554
11617,1907293.0,279.5939
11618,1907294.0,130.60966
11619,1907295.0,275.85263
11620,1907301.0,189.81859
11621,1907302.0,477.12143
11622,1907303.0,273.04764
11623,1907304.0,133.71533
11624,1907305.0,278.7604
